ID,area,B02,B03,B04,B08
S001,sawah,0.0646,0.0793,0.0738,0.2316
S002,sawah,0.0788,0.0853,0.0735,0.1679
S013,sawah,0.0574,0.0815,0.0879,0.2728
S014,sawah,0.0531,0.0873,0.0784,0.3334
S015,sawah,0.0934,0.1205,0.1243,0.2835
S016,sawah,0.1151,0.1467,0.1452,0.3576
S017,sawah,0.1889,0.1992,0.2022,0.3545
S018,sawah,0.2113,0.242,0.2659,0.3906
S019,sawah,0.1996,0.2138,0.2165,0.3474
S020,sawah,0.0959,0.1341,0.1298,0.3755
S021,sawah,0.0836,0.1156,0.1374,0.3106
S022,sawah,0.0819,0.1128,0.1311,0.3103
S023,sawah,0.0589,0.0964,0.0831,0.354
S024,sawah,0.0867,0.1369,0.1639,0.3346
S028,sawah,0.1573,0.1933,0.2133,0.3818
S030,sawah,0.0639,0.1006,0.0875,0.3876
S031,sawah,0.0628,0.0849,0.0928,0.2407
S032,sawah,0.0708,0.1018,0.1222,0.2393
S036,sawah,0.0667,0.0923,0.1185,0.2587
S043,sawah,0.0711,0.1047,0.0978,0.3762
S044,sawah,0.0696,0.097,0.1317,0.2337
S045,sawah,0.0656,0.0991,0.088,0.3382
S049,sawah,0.0401,0.0455,0.0481,0.0716
S050,sawah,0.044,0.0477,0.0495,0.0752
S003,sawah,0.0944,0.124,0.1385,0.3002
S004,sawah,0.0699,0.0875,0.0905,0.2185
S005,sawah,0.0785,0.1111,0.1214,0.2899
S006,sawah,0.0337,0.0414,0.0383,0.0925
S007,sawah,0.075,0.1044,0.1122,0.2925
S008,sawah,0.0534,0.0732,0.0765,0.1851
S009,sawah,0.0658,0.0925,0.1025,0.2634
S010,sawah,0.0666,0.0986,0.1056,0.2882
S011,sawah,0.0822,0.1238,0.1273,0.3626
S012,sawah,0.0894,0.1338,0.1311,0.381
P001,permukiman,0.0959,0.1336,0.186,0.2756
P002,permukiman,0.144,0.1529,0.1761,0.307
P003,permukiman,0.1052,0.1315,0.163,0.3123
P004,permukiman,0.1021,0.1332,0.1647,0.2779
P005,permukiman,0.1001,0.1317,0.2104,0.2892
P006,permukiman,0.1247,0.1558,0.1936,0.2991
P007,permukiman,0.1,0.127,0.1732,0.2571
P008,permukiman,0.093,0.117,0.1654,0.2567
P009,permukiman,0.0871,0.1181,0.1457,0.2815
P010,permukiman,0.079,0.1069,0.1568,0.2596
P011,permukiman,0.0942,0.1244,0.1698,0.2835
P012,permukiman,0.1513,0.1763,0.2215,0.2946
S025,sawah,0.0757,0.1255,0.1427,0.3604
S026,sawah,0.0735,0.1184,0.1262,0.3152
S027,sawah,0.0679,0.1064,0.1018,0.3848
P013,permukiman,0.072,0.0933,0.1288,0.2405
S029,sawah,0.1228,0.1421,0.1382,0.3489
P014,permukiman,0.1288,0.1452,0.1833,0.2998
P015,permukiman,0.0962,0.1212,0.1472,0.2677
P016,permukiman,0.1627,0.1789,0.1911,0.2042
S033,sawah,0.0619,0.0895,0.0792,0.3515
S034,sawah,0.063,0.0929,0.115,0.2139
S035,sawah,0.065,0.0975,0.1102,0.2955
P017,permukiman,0.0803,0.106,0.1257,0.2785
S037,sawah,0.0756,0.1061,0.1293,0.2464
S038,sawah,0.0829,0.1125,0.137,0.2845
S039,sawah,0.0816,0.1086,0.1321,0.2347
S040,sawah,0.0575,0.0838,0.0648,0.3955
S041,sawah,0.0663,0.1063,0.134,0.2942
S042,sawah,0.0702,0.1185,0.1124,0.3654
P018,permukiman,0.0981,0.1205,0.1601,0.2616
P019,permukiman,0.1804,0.2195,0.2793,0.3329
P020,permukiman,0.0738,0.1012,0.1459,0.2317
S046,sawah,0.0643,0.0939,0.0838,0.3655
S047,sawah,0.0669,0.107,0.0966,0.3493
S048,sawah,0.0588,0.103,0.0638,0.5346
P021,permukiman,0.077,0.1035,0.1399,0.2697
P022,permukiman,0.1024,0.1421,0.1778,0.2919
P023,permukiman,0.117,0.1494,0.1978,0.3091
P024,permukiman,0.0686,0.1033,0.1178,0.2908
P025,permukiman,0.1095,0.1317,0.1713,0.2812
P026,permukiman,0.0641,0.0914,0.0797,0.3693
P027,permukiman,0.1215,0.1402,0.1595,0.2836
P028,permukiman,0.1423,0.1618,0.2118,0.2814
P029,permukiman,0.0747,0.0959,0.1212,0.223
P030,permukiman,0.0855,0.1065,0.1436,0.23
P031,permukiman,0.0805,0.1041,0.1074,0.2887
P032,permukiman,0.121,0.1547,0.2073,0.3355
P033,permukiman,0.0906,0.1148,0.1653,0.2513
P034,permukiman,0.1397,0.1734,0.2031,0.3352
P035,permukiman,0.074,0.0974,0.1514,0.2486
P036,permukiman,0.0882,0.1102,0.1596,0.2577
P037,permukiman,0.0844,0.095,0.1175,0.1991
P038,permukiman,0.138,0.188,0.2403,0.3544
P039,permukiman,0.1201,0.1596,0.2205,0.3219
P040,permukiman,0.0723,0.1008,0.1042,0.3038
P041,permukiman,0.0936,0.1167,0.1477,0.1977
P042,permukiman,0.0823,0.1019,0.1154,0.2419
P043,permukiman,0.0909,0.1089,0.1387,0.2339
P044,permukiman,0.0824,0.0952,0.1234,0.176
P045,permukiman,0.1002,0.127,0.18,0.2464
P046,permukiman,0.0481,0.0703,0.0703,0.2991
P047,permukiman,0.1284,0.1691,0.2292,0.331
P048,permukiman,0.0995,0.1261,0.1967,0.2964
P049,permukiman,0.0865,0.1145,0.1552,0.2885
P050,permukiman,0.0737,0.1009,0.1246,0.2681
